id,pass_id,service_type,details
1,1,hotel,Hotel Voucher Code: VCHR0001
2,2,transport,Transport Voucher Code: VCHR0002
3,3,guide,Guide Voucher Code: VCHR0003
4,4,guide,Guide Voucher Code: VCHR0004
5,5,hotel,Hotel Voucher Code: VCHR0005
6,6,hotel,Hotel Voucher Code: VCHR0006
7,7,transport,Transport Voucher Code: VCHR0007
8,8,hotel,Hotel Voucher Code: VCHR0008
9,9,transport,Transport Voucher Code: VCHR0009
10,10,transport,Transport Voucher Code: VCHR0010
11,11,hotel,Hotel Voucher Code: VCHR0011
12,12,hotel,Hotel Voucher Code: VCHR0012
13,13,transport,Transport Voucher Code: VCHR0013
14,14,guide,Guide Voucher Code: VCHR0014
15,15,hotel,Hotel Voucher Code: VCHR0015
16,16,transport,Transport Voucher Code: VCHR0016
17,17,guide,Guide Voucher Code: VCHR0017
18,18,guide,Guide Voucher Code: VCHR0018
19,19,transport,Transport Voucher Code: VCHR0019
20,20,hotel,Hotel Voucher Code: VCHR0020
21,21,transport,Transport Voucher Code: VCHR0021
22,22,transport,Transport Voucher Code: VCHR0022
23,23,transport,Transport Voucher Code: VCHR0023
24,24,hotel,Hotel Voucher Code: VCHR0024
25,25,guide,Guide Voucher Code: VCHR0025
26,26,transport,Transport Voucher Code: VCHR0026
27,27,guide,Guide Voucher Code: VCHR0027
28,28,guide,Guide Voucher Code: VCHR0028
29,29,hotel,Hotel Voucher Code: VCHR0029
30,30,transport,Transport Voucher Code: VCHR0030
31,31,guide,Guide Voucher Code: VCHR0031
32,32,hotel,Hotel Voucher Code: VCHR0032
33,33,transport,Transport Voucher Code: VCHR0033
34,34,transport,Transport Voucher Code: VCHR0034
35,35,hotel,Hotel Voucher Code: VCHR0035
36,36,transport,Transport Voucher Code: VCHR0036
37,37,transport,Transport Voucher Code: VCHR0037
38,38,guide,Guide Voucher Code: VCHR0038
39,39,hotel,Hotel Voucher Code: VCHR0039
40,40,transport,Transport Voucher Code: VCHR0040
41,41,guide,Guide Voucher Code: VCHR0041
42,42,hotel,Hotel Voucher Code: VCHR0042
43,43,transport,Transport Voucher Code: VCHR0043
44,44,hotel,Hotel Voucher Code: VCHR0044
45,45,transport,Transport Voucher Code: VCHR0045
46,46,hotel,Hotel Voucher Code: VCHR0046
47,47,transport,Transport Voucher Code: VCHR0047
48,48,transport,Transport Voucher Code: VCHR0048
49,49,transport,Transport Voucher Code: VCHR0049
50,50,guide,Guide Voucher Code: VCHR0050
