id,company_name,license,years_active,description,website
1,SkyHigh Adventures,LIC1001,8,Adventure tours in mountainous regions.,https://skyhighadventures.com
2,Wanderlust Treks,LIC1002,5,Group trekking packages across Asia.,https://wanderlusttreks.org
3,EcoGlobe Travel,LIC1003,7,Eco-friendly tours and educational trips.,https://ecoglobetravel.net
4,CultureConnect Tours,LIC1004,10,Specializes in cultural experiences and heritage tours.,https://cultureconnect.com
5,Desert Safari Masters,LIC1005,4,Expertise in desert expeditions and safaris.,https://safarimasters.co
6,BlueWave Voyages,LIC1006,6,Ocean and coastal tourism experts.,https://bluewavevoyages.com
7,CityPulse Tours,LIC1007,3,Urban tours with local guides.,https://citypulsetours.com
8,GlobalPath Travel,LIC1008,12,Large-scale international travel operator.,https://globalpath.travel
9,MysticLand Getaways,LIC1009,2,Spiritual and meditation-focused journeys.,https://mysticlandgetaways.org
10,NatureNest Adventures,LIC1010,9,Jungle trekking and nature exploration.,https://naturenestadventures.com
11,Alpine Journeys,LIC1011,6,Specializes in Alpine hiking and mountaineering.,https://alpinejourneys.com
12,TropicTide Tours,LIC1012,5,Tropical island packages and scuba diving.,https://tropictide.com
13,Backpack World,LIC1013,7,Budget travel for backpackers across Europe.,https://backpackworld.net
14,Ride&Roam,LIC1014,3,Motorbike tours across continents.,https://rideandroam.com
15,Nomad Planet,LIC1015,8,Remote work & travel arrangements for nomads.,https://nomadplanet.org
16,Frozen Trails,LIC1016,10,Polar expeditions and northern lights hunting.,https://frozentrails.com
17,Vibe Tours,LIC1017,4,Party tourism and nightlife exploration.,https://vibetours.io
18,Safari Sphere,LIC1018,6,Wildlife safaris and jungle camps.,https://safarisphere.com
19,EduTrips,LIC1019,9,Student-focused international educational trips.,https://edutrips.org
20,Healing Horizons,LIC1020,5,"Retreats focused on healing, yoga, and peace.",https://healinghorizons.com
21,Artisan Voyages,LIC1021,7,"Craft, art, and cultural tourism.",https://artisanvoyages.com
22,Majestic Miles,LIC1022,8,Luxury travel experiences globally.,https://majesticmiles.com
23,Island Hoppers,LIC1023,4,Travel across island chains and beaches.,https://islandhoppers.org
24,Epic Journeys Co.,LIC1024,6,Themed adventure and mystery tours.,https://epicjourneys.co
25,Pioneer Paths,LIC1025,5,Historical route discovery tours.,https://pioneerpaths.net
26,Footloose Travels,LIC1026,3,Backpacking and hosteling trips.,https://footloosetravels.com
27,TrailBlaze,LIC1027,2,Beginner treks and soft adventure.,https://trailblaze.io
28,ChillVentures,LIC1028,6,Leisure and relaxation travel.,https://chillventures.com
29,AltitudeX,LIC1029,7,High-altitude expeditions and climbing.,https://altitudex.net
30,Soul Trek,LIC1030,8,Retreats focused on personal growth.,https://soultrek.org
31,HistoryNexus,LIC1031,6,Archaeological tours and ancient cities.,https://historynexus.com
32,FarmRoute Experiences,LIC1032,4,Agro-tourism and farm stays.,https://farmroute.com
33,Velocity Travel,LIC1033,3,Sports-themed travel packages.,https://velocitytravel.org
34,Urban Safari,LIC1034,5,Metropolitan cultural immersion tours.,https://urbansafari.com
35,Skyline Expeditions,LIC1035,7,Extreme altitude and skydiving tours.,https://skylineexpeditions.net
36,FestTrack,LIC1036,4,Festival-hopping travel experiences.,https://festtrack.com
37,Wellness Routes,LIC1037,6,Health tourism with spa and detox programs.,https://wellnessroutes.com
38,Roamer’s League,LIC1038,9,Custom travel curation for groups.,https://roamersleague.com
39,PhotoWalks Inc.,LIC1039,2,Photography-focused travel.,https://photowalks.com
40,CulinaryQuest,LIC1040,5,Food tourism and tasting experiences.,https://culinaryquest.org
41,CrossGlobe Paths,LIC1041,11,"Worldwide, full-service travel agency.",https://crossglobepaths.com
42,ZenTrails,LIC1042,6,Mindfulness and nature walks.,https://zentrails.org
43,Beyond Borders,LIC1043,10,International peace and culture missions.,https://beyondborders.com
44,Offbeat Tracks,LIC1044,3,Hidden gems and local life experiences.,https://offbeattracks.org
45,EcoNomads,LIC1045,7,Sustainable and low-impact tours.,https://economads.travel
46,Luxura Expeditions,LIC1046,12,Top-tier luxury destination experts.,https://luxuraexpeditions.com
47,Tribal Ties,LIC1047,5,Trips to learn about tribal life and culture.,https://tribalties.net
48,MindScape,LIC1048,4,Therapeutic and reflective travel.,https://mindscape.org
49,SeaBridge Cruises,LIC1049,6,Small cruise ships with exclusive routes.,https://seabridgecruises.com
50,OrbitOne,LIC1050,9,Tech-enhanced smart tourism.,https://orbitone.tech
